タイトル,プレイスタイル,譜面モード,難易度,MINBPM,MAXBPM,S,1,2,3,4,5,6,7,TOTALNOTES,ソフラン回数,乱打,同時,階段,トリ,縦連,皿,CN,PLAYTIME,MAXNPS,MAXNPS_BW,MAXNPS_S,MEANNPS,MEANNPS_BW,MEANNPS_S,VARNPS,VARNPS_BW,VARNPS_S
V,SP,ANOTHER,12,150,150,47,273,194,216,168,225,170,226,1519,0,20.5,26.9,57.6,44.5,8.6,3.3,0.0,118.4,35.0,35.0,2.5,12.66,12.27,0.39,22.12,22.27,0.27
Colors(radio edit),SP,ANOTHER,12,150,150,29,274,147,156,147,162,150,193,1258,0,25.5,7.6,55.3,44.4,13.2,2.6,0.0,115.2,28.12,26.25,1.88,10.77,10.52,0.25,31.7,29.47,0.17
A,SP,ANOTHER,12,93,191,44,210,120,210,124,195,153,204,1260,1,20.3,43.6,32.2,9.3,3.2,4.5,0.0,118.93,19.1,17.51,1.59,11.23,10.83,0.4,15.04,13.96,0.33
PLEASE DON'T GO,SP,ANOTHER,12,135,135,108,313,155,107,103,176,145,144,1251,0,34.1,12.5,21.3,9.1,43.3,14.3,0.0,115.22,25.31,20.25,5.06,10.66,9.74,0.92,15.17,9.45,2.34
桜,SP,ANOTHER,12,13,320,81,302,34,214,107,159,91,135,1123,19,19.5,28.8,21.2,9.1,44.6,8.5,0.0,96.28,30.0,25.0,5.33,12.8,11.87,0.93,20.61,18.59,1.45
moon_child,SP,ANOTHER,12,130,160,82,166,183,183,157,185,170,174,1300,7,19.6,17.2,42.4,20.2,25.7,9.4,0.0,114.45,25.33,22.67,4.0,10.67,10.0,0.67,32.31,28.28,1.21
one or eight,SP,ANOTHER,12,155,155,149,257,89,141,128,145,130,138,1177,0,23.6,10.5,28.9,12.9,36.2,17.6,0.0,92.32,27.13,21.96,5.17,12.67,11.07,1.6,11.74,8.25,3.1
Innocent Walls,SP,ANOTHER,12,155,155,134,240,131,154,120,129,350,188,1446,0,19.1,15.9,21.6,9.2,62.6,15.4,0.0,117.77,30.35,21.96,8.4,11.97,10.86,1.11,17.18,11.93,2.13
Innocent Walls,SP,HYPER,12,155,155,128,224,142,159,104,96,248,180,1281,0,19.1,11.1,16.3,3.0,67.3,15.4,0.0,117.67,31.65,23.25,8.4,10.74,9.67,1.07,17.32,12.24,1.91
One More Lovely,SP,ANOTHER,12,200,200,31,292,158,216,120,258,194,183,1452,0,54.6,10.1,36.3,19.4,2.0,3.1,0.0,105.52,27.5,26.67,4.17,13.44,13.16,0.29,30.57,31.48,0.49
雪月花,SP,ANOTHER,12,151,151,94,226,179,180,151,153,159,145,1287,0,36.7,10.8,39.5,8.8,10.5,11.4,0.0,109.47,22.02,19.5,7.55,11.57,10.72,0.84,25.53,20.49,2.21
AA,SP,ANOTHER,12,154,154,23,270,246,283,258,276,247,231,1834,0,41.5,6.4,77.6,24.2,1.0,1.4,0.0,113.76,28.23,25.67,2.57,15.9,15.7,0.2,20.44,19.9,0.16
FAKE TIME,SP,ANOTHER,12,200,200,63,219,123,163,167,161,153,182,1231,0,5.2,36.9,17.3,15.8,17.8,5.5,0.0,100.8,26.67,26.67,3.33,12.07,11.45,0.62,21.32,21.05,0.6
gigadelic,SP,ANOTHER,12,173,173,121,269,128,183,157,161,107,175,1301,0,35.7,7.4,47.7,70.2,0.8,10.5,0.0,122.08,22.35,18.74,3.6,10.54,9.56,0.98,20.65,17.28,1.22
gigadelic,SP,HYPER,12,173,173,104,246,118,128,126,139,101,154,1116,0,33.4,6.9,39.5,70.2,0.0,10.2,0.0,122.08,20.9,17.3,3.6,9.04,8.2,0.84,18.65,15.84,1.07
RED ZONE†,SP,ANOTHER,12,165,165,82,259,217,225,195,221,168,199,1566,0,25.8,30.6,48.9,15.7,5.8,8.7,1.5,103.27,22.0,19.25,5.5,14.95,14.17,0.78,18.84,18.15,1.1
"ピアノ協奏曲第１番""蠍火""",SP,ANOTHER,12,165,188,86,203,202,214,229,202,174,104,1414,18,18.0,15.4,46.6,23.0,38.9,8.9,0.0,124.71,26.63,23.5,6.13,13.36,12.55,0.81,39.37,31.12,1.43
rage against usual,SP,ANOTHER,12,152,152,158,204,215,195,181,238,178,158,1527,0,25.8,16.5,37.1,47.3,25.4,12.7,0.0,118.81,31.67,31.03,2.53,12.56,11.26,1.3,31.53,29.69,0.6
SCREAM SQUAD,SP,ANOTHER,12,220,220,152,176,110,137,118,125,115,140,1073,0,11.5,14.6,12.4,16.0,3.0,20.2,0.0,106.9,21.08,17.42,7.33,9.94,8.53,1.41,16.25,10.45,5.34
Scripted Connection⇒ A mix,SP,ANOTHER,12,151,151,44,263,148,292,168,296,168,196,1575,0,36.1,3.8,62.9,38.6,21.3,3.1,0.0,116.02,20.76,20.13,3.15,13.39,13.02,0.37,13.91,12.98,0.43
冥,SP,ANOTHER,12,66,200,48,261,332,323,308,297,246,185,2000,19,27.6,21.9,61.1,32.3,23.5,3.2,0.0,123.36,34.83,28.5,6.33,16.61,16.22,0.38,37.62,34.31,0.79
Concertino in Blue,SP,ANOTHER,12,103,155,185,188,143,193,173,170,153,106,1311,16,18.3,12.5,44.0,30.4,46.6,20.0,0.0,95.2,19.25,18.67,5.81,10.79,9.29,1.5,15.82,14.15,1.07
tripping contact,SP,ANOTHER,12,182,182,93,315,100,212,159,173,121,187,1360,0,28.3,16.5,26.4,19.6,5.4,6.5,0.0,122.63,26.54,23.51,3.03,10.97,10.22,0.75,15.41,14.06,0.69
カゴノトリ～弐式～,SP,ANOTHER,12,140,140,22,179,173,183,192,219,175,182,1325,0,28.7,8.8,52.9,38.1,6.7,1.6,0.0,114.64,21.58,21.58,2.33,10.89,10.71,0.18,28.45,28.83,0.13
嘆きの樹,SP,ANOTHER,12,160,160,84,295,269,246,294,262,278,272,2000,0,33.3,28.7,63.4,50.1,11.7,5.7,0.0,111.37,33.33,30.67,4.0,16.46,15.77,0.69,49.85,45.95,1.06
Candy Galy,SP,ANOTHER,12,184,184,71,379,176,246,224,236,232,234,1798,0,24.3,37.0,41.3,10.1,5.5,5.0,0.0,119.34,26.07,23.0,4.6,14.98,14.39,0.59,18.69,16.78,1.1
Fascination MAXX,SP,ANOTHER,12,100,400,47,313,88,190,182,99,186,208,1313,17,2.0,48.7,19.6,51.9,85.0,4.0,0.0,99.45,23.33,21.67,3.33,14.02,13.52,0.5,15.74,15.19,0.7
FIRE FIRE,SP,ANOTHER,12,150,150,160,267,154,152,185,191,186,110,1405,0,23.5,6.3,54.3,15.9,4.7,16.0,0.0,120.0,23.75,21.25,5.0,11.55,10.24,1.32,35.22,31.02,1.75
KAMAITACHI†,SP,ANOTHER,12,165,165,203,332,268,233,250,243,224,247,2000,0,35.6,3.7,67.9,61.7,19.5,26.0,0.0,112.0,36.44,33.0,8.25,17.41,15.64,1.77,63.44,52.57,3.57
LASER CRUSTER,SP,ANOTHER,12,152,152,93,235,190,267,202,238,201,218,1644,0,25.6,12.2,66.3,29.5,18.4,6.5,0.0,113.58,20.27,20.27,1.9,14.46,13.64,0.82,26.24,25.12,0.4
Sense 2007,SP,ANOTHER,12,140,140,195,277,168,150,167,133,237,190,1517,0,24.3,11.3,36.5,18.2,47.9,19.8,0.0,114.85,23.92,19.25,4.67,12.82,11.18,1.65,23.87,15.44,3.11
VANESSA,SP,ANOTHER,12,185,185,101,208,135,148,165,174,164,133,1228,0,29.4,1.5,62.5,11.2,15.0,10.3,0.0,88.54,22.35,21.58,5.4,13.52,12.41,1.11,30.32,32.31,1.78
VANESSA†,SP,ANOTHER,12,185,185,150,218,201,248,255,240,249,210,1771,0,21.3,0.7,85.6,69.1,25.0,14.1,0.0,88.54,31.6,30.83,6.17,19.5,17.85,1.65,62.28,62.82,2.8
電人、暁に斃れる。,SP,ANOTHER,12,165,165,77,337,172,251,219,264,173,232,1725,0,32.7,6.5,63.9,31.0,16.6,4.8,0.0,119.27,22.0,21.31,3.44,14.12,13.49,0.63,16.08,13.97,0.57
ICARUS,SP,ANOTHER,12,126,251,91,244,103,183,145,180,175,180,1301,22,29.8,16.2,32.9,23.9,28.1,8.8,0.0,123.19,33.47,33.47,5.28,10.82,10.09,0.73,35.07,33.6,1.7
ICARUS†,SP,ANOTHER,12,126,251,115,258,328,284,273,253,247,242,2000,22,32.3,23.0,52.7,50.1,23.5,8.9,0.0,123.19,34.07,30.33,7.37,16.55,15.63,0.92,67.97,64.59,2.27
MENDES,SP,ANOTHER,12,168,168,118,281,243,255,193,302,187,252,1831,0,26.2,17.5,72.7,28.9,1.6,9.4,0.0,108.57,32.2,27.3,4.9,15.44,14.45,1.0,53.14,45.73,1.57
oratio,SP,ANOTHER,12,162,162,60,246,176,238,251,218,177,127,1493,0,41.2,15.7,41.7,26.1,5.0,5.3,0.0,128.24,27.0,27.0,3.38,12.0,11.52,0.48,43.06,40.78,0.51
PARANOiA ～HADES～,SP,ANOTHER,12,75,300,27,349,94,253,148,184,138,202,1395,3,27.9,8.5,63.8,72.4,19.0,2.1,0.0,97.2,26.25,26.25,3.75,14.47,14.18,0.29,24.91,24.4,0.42
Ristaccia,SP,ANOTHER,12,160,160,103,226,164,190,207,183,151,162,1386,0,23.5,21.8,52.8,16.9,13.0,8.1,0.0,116.62,22.67,20.67,2.67,10.62,9.83,0.79,35.22,29.94,0.68
THE DEEP STRIKER†,SP,ANOTHER,12,173,173,134,301,205,196,205,240,200,297,1778,0,24.3,24.4,46.4,25.2,27.8,9.5,0.0,116.53,25.95,23.07,3.6,15.08,13.94,1.14,27.13,23.49,1.32
TROOPERS,SP,ANOTHER,12,177,177,217,329,130,211,152,207,98,152,1496,0,7.8,40.2,20.6,12.9,8.7,21.4,0.0,113.89,20.65,16.96,5.9,12.98,11.1,1.88,8.46,5.54,3.75
少年A,SP,ANOTHER,12,90,192,112,165,207,245,229,200,192,99,1449,3,33.7,11.8,52.6,34.8,16.6,12.5,0.0,132.22,19.88,19.88,6.17,11.92,10.93,0.99,29.19,24.25,2.55
BITTER CHOCOLATE STRIKER,SP,ANOTHER,12,165,165,128,291,291,286,246,257,268,223,1990,0,26.0,12.1,73.8,66.0,17.3,7.6,0.0,128.0,26.12,22.69,3.44,15.37,14.38,0.99,41.6,37.03,1.07
Colorful Cookie,SP,ANOTHER,12,180,180,61,270,221,256,226,207,214,318,1773,0,42.5,29.0,33.2,11.8,14.3,5.5,0.0,110.5,30.75,30.0,6.75,16.02,15.47,0.55,36.12,34.58,0.92
Go Beyond!!,SP,ANOTHER,12,200,200,103,225,81,180,152,181,140,104,1166,0,18.9,12.4,47.1,26.5,10.7,12.6,0.0,109.2,30.83,30.83,5.0,10.45,9.53,0.92,91.63,88.43,1.95
THANK YOU FOR PLAYING†,SP,ANOTHER,12,45,170,34,243,186,225,217,216,207,206,1534,8,28.8,7.2,69.6,19.9,11.1,2.5,0.0,98.03,24.08,24.08,2.83,15.45,15.11,0.34,41.0,39.52,0.3
3y3s,SP,ANOTHER,12,191,191,216,229,243,267,247,277,199,193,1871,0,18.2,31.0,39.6,37.0,14.7,20.4,0.0,114.18,31.83,28.65,8.75,15.84,14.01,1.83,69.66,61.58,3.21
不沈艦CANDY,SP,ANOTHER,12,188,188,44,354,202,256,215,220,175,216,1682,0,14.4,37.2,46.2,41.4,5.4,3.4,0.0,116.8,25.85,25.07,3.13,14.17,13.8,0.37,35.4,34.02,0.33
卑弥呼,SP,ANOTHER,12,83,185,60,331,281,280,314,339,274,240,2119,5,31.6,6.4,73.3,37.3,40.6,4.3,0.0,126.09,41.63,39.31,4.62,15.36,14.92,0.44,81.56,75.54,0.72
Almagest,SP,ANOTHER,12,178,178,68,264,226,254,245,231,195,146,1629,0,32.4,6.7,73.7,26.8,5.2,5.3,24.8,93.2,29.67,25.96,3.71,16.78,16.08,0.7,32.39,31.31,0.93
Bad Maniacs,SP,ANOTHER,12,195,195,100,262,216,238,198,219,196,227,1656,0,27.7,24.4,51.9,19.6,3.4,7.4,0.0,116.92,28.44,26.81,4.88,13.87,13.03,0.84,81.0,77.53,0.89
DOMINION,SP,ANOTHER,12,196,196,110,389,139,203,196,156,282,161,1636,0,8.9,43.5,18.9,15.5,11.1,10.3,0.0,120.0,26.13,26.13,4.9,13.5,12.59,0.91,36.89,29.11,1.54
eRAseRmOToRpHAntOM,SP,ANOTHER,12,135,270,97,460,80,301,129,253,127,239,1686,1,34.4,8.5,53.7,74.6,22.0,10.2,0.0,136.0,20.25,19.12,9.0,12.91,12.11,0.8,14.54,17.51,2.45
Evans,SP,ANOTHER,12,185,185,154,280,167,249,144,177,137,132,1440,0,25.9,20.3,34.2,16.8,3.9,14.7,0.0,102.24,26.21,24.67,4.62,13.7,12.24,1.47,23.66,19.61,1.81
EXUSIA,SP,ANOTHER,12,188,188,116,399,206,253,249,261,240,240,1964,0,32.2,16.4,61.1,14.8,4.0,9.6,0.0,118.72,23.5,21.93,5.48,16.19,15.24,0.96,31.84,29.82,1.99
G59,SP,ANOTHER,12,170,170,75,393,275,292,252,241,259,213,2000,0,34.6,24.7,67.8,14.0,3.7,4.2,0.0,120.35,26.21,24.08,2.12,16.28,15.67,0.61,51.28,49.16,0.49
GOLDEN CROSS,SP,ANOTHER,12,150,150,48,260,235,241,235,241,255,250,1765,0,30.0,4.4,80.9,27.9,3.0,3.4,0.0,115.2,24.38,22.5,2.5,14.91,14.5,0.41,50.64,49.46,0.28
mosaic,SP,ANOTHER,12,188,188,133,291,213,205,186,194,172,115,1509,0,0.3,86.9,3.9,1.2,9.9,12.3,0.0,99.25,25.85,25.07,4.7,14.96,13.64,1.32,26.69,24.51,1.61
quell ～the seventh slave～,SP,ANOTHER,12,162,162,58,257,218,221,227,228,226,211,1646,0,33.2,4.7,71.1,35.2,4.1,4.8,0.0,101.06,31.05,31.05,3.38,15.87,15.31,0.56,39.55,38.9,0.51
Red. by Full Metal Jacket,SP,ANOTHER,12,158,158,483,288,148,170,124,124,194,112,1643,0,7.7,39.8,9.9,3.8,0.7,87.5,0.0,118.29,21.07,15.8,9.88,13.69,9.67,4.02,12.1,9.25,10.97
SOLID STATE SQUAD,SP,ANOTHER,12,155,155,146,297,209,235,237,217,200,278,1819,0,31.6,16.7,58.7,11.6,0.9,16.0,0.0,128.51,24.54,21.31,10.33,13.82,12.71,1.11,22.51,20.43,2.19
SOLID STATE SQUAD†,SP,ANOTHER,12,155,155,149,285,221,238,257,246,210,262,1868,0,28.2,22.1,59.5,16.6,0.7,13.0,16.4,128.51,25.83,24.54,6.46,14.19,13.06,1.13,41.07,37.81,1.76
"ワルツ第17番 ト短調""大犬のワルツ""",SP,ANOTHER,12,230,320,0,199,252,320,292,285,207,129,1684,57,15.9,19.0,49.5,30.0,68.2,0.0,0.0,128.29,18.12,18.12,0.0,9.78,9.78,0.0,11.1,11.1,0.0
ALBIDA,SP,ANOTHER,12,185,185,142,274,185,199,174,201,194,161,1530,0,18.0,37.6,36.2,9.1,6.5,11.9,0.0,107.67,20.81,19.27,4.62,14.04,12.74,1.3,29.15,23.89,2.06
Broken,SP,ANOTHER,12,148,148,40,240,214,265,255,238,198,148,1598,0,27.4,4.5,77.7,52.0,2.2,2.9,0.0,122.22,24.05,23.43,3.7,12.8,12.48,0.32,53.07,51.39,0.36
Dances with Snow Fairies,SP,ANOTHER,12,154,154,65,261,192,208,198,234,254,211,1623,0,27.8,6.5,61.9,31.5,29.9,7.0,0.0,112.98,25.67,24.38,3.21,13.53,12.98,0.54,37.83,36.63,0.75
ELECTRIC MASSIVE DIVER,SP,ANOTHER,12,178,178,69,428,211,229,263,260,134,289,1883,0,21.7,57.3,27.0,11.1,13.3,4.1,23.9,133.48,22.99,20.03,2.97,13.97,13.45,0.51,23.26,22.59,0.45
PARADISE LOST,SP,ANOTHER,12,200,200,151,350,224,204,249,159,198,183,1718,0,24.4,17.1,36.7,28.2,10.1,14.5,49.2,124.2,25.0,23.33,5.0,13.51,12.32,1.19,36.66,28.03,1.68
perditus†paradisus,SP,ANOTHER,12,172,172,42,292,278,303,277,338,276,259,2065,0,30.4,3.6,81.7,41.1,18.1,2.4,63.5,124.18,30.1,29.38,2.15,16.44,16.11,0.33,52.78,50.21,0.33
reunion,SP,ANOTHER,12,184,184,69,331,185,235,194,253,172,238,1677,0,18.9,45.5,40.9,21.8,12.3,5.9,0.0,113.64,27.6,26.83,4.6,13.12,12.58,0.54,25.41,22.54,0.85
sakura storm,SP,ANOTHER,12,184,184,153,222,125,149,170,162,115,129,1225,0,18.1,33.8,29.5,0.0,2.8,15.8,14.8,86.08,19.93,19.17,4.6,14.02,12.27,1.75,10.97,14.52,2.31
Session 9 -Chronicles-,SP,ANOTHER,12,182,189,63,268,210,295,289,288,243,196,1852,1,25.9,24.7,49.3,16.3,41.6,4.0,0.0,114.87,28.06,27.3,2.36,15.74,15.2,0.53,37.57,36.13,0.4
SPECIAL SUMMER CAMPAIGN!,SP,ANOTHER,12,168,168,107,234,185,195,208,197,182,201,1509,0,26.3,44.9,24.9,4.4,3.2,8.8,0.0,97.32,20.3,17.5,4.2,15.09,14.02,1.07,10.22,9.8,1.09
Watch Out Pt.2,SP,ANOTHER,12,148,148,427,183,106,186,158,204,108,134,1506,0,19.3,17.0,29.6,8.1,6.8,76.8,0.0,106.62,21.58,18.5,9.87,14.07,10.08,3.99,10.96,12.87,6.98
黒髪乱れし修羅となりて,SP,ANOTHER,12,150,150,69,327,206,230,246,237,213,217,1745,0,28.6,8.7,67.2,40.1,18.4,5.2,0.0,117.2,20.0,20.0,3.12,14.54,13.97,0.57,12.73,11.35,0.56
灼熱Beach Side Bunny,SP,ANOTHER,12,153,153,667,204,127,145,134,203,130,109,1719,0,7.3,27.9,5.1,27.5,12.3,98.2,0.0,118.82,22.95,15.3,10.84,14.42,8.82,5.59,11.01,3.4,5.5
BLACK.by X-Cross Fade,SP,ANOTHER,12,163,163,521,208,121,195,184,192,124,193,1738,0,6.6,42.5,13.0,8.3,9.2,101.8,0.0,110.06,25.13,23.77,10.19,15.74,11.02,4.72,12.17,11.35,11.66
DIAVOLO,SP,ANOTHER,12,160,160,83,261,206,252,248,266,219,210,1745,0,28.3,9.6,66.5,46.7,24.3,6.4,0.0,106.12,32.0,32.0,4.67,16.16,15.39,0.77,32.36,32.71,0.88
F,SP,ANOTHER,12,154,154,39,264,259,212,267,248,271,253,1813,0,42.9,2.0,79.6,26.6,1.0,2.4,0.0,110.64,23.1,20.53,2.57,16.16,15.81,0.35,11.01,11.21,0.32
fffff,SP,ANOTHER,12,138,138,58,224,224,241,224,229,225,199,1624,0,25.6,12.5,72.6,53.8,45.0,4.1,0.0,98.69,23.58,23.0,2.3,16.38,15.8,0.59,10.27,9.21,0.57
HAERETICUS,SP,ANOTHER,12,208,208,121,214,212,224,217,210,200,191,1589,0,25.6,28.0,41.3,14.9,3.5,11.0,0.0,101.39,29.47,26.87,5.2,15.65,14.46,1.19,44.99,39.65,1.02
NNRT,SP,ANOTHER,12,101,202,97,309,229,247,267,232,225,174,1780,2,19.1,44.4,27.7,11.6,8.1,7.8,0.0,129.5,22.72,21.88,3.37,13.88,13.11,0.77,33.64,33.11,1.11
quaver♪,SP,ANOTHER,12,182,186,52,310,224,222,232,247,249,209,1745,2,23.2,50.4,36.2,35.0,5.5,4.0,0.0,103.26,25.58,24.53,3.88,16.9,16.39,0.5,21.04,20.58,0.76
Snake Stick,SP,ANOTHER,12,145,145,418,150,120,165,174,173,129,118,1447,0,25.7,7.0,39.6,8.3,2.2,77.6,0.0,109.24,20.54,16.31,10.27,13.05,9.28,3.77,9.61,21.16,12.99
The Limbo,SP,ANOTHER,12,200,200,80,277,216,214,253,232,221,208,1701,0,27.4,27.1,36.7,15.6,5.5,7.4,0.0,116.4,25.83,24.17,6.67,14.32,13.64,0.67,27.75,25.16,2.48
The Sampling Paradise,SP,ANOTHER,12,150,150,181,244,176,191,198,202,194,159,1545,0,34.7,5.6,57.3,12.0,6.9,24.5,6.1,111.9,22.5,21.25,8.75,13.79,12.18,1.62,21.28,26.93,3.71
Thunderbolt,SP,ANOTHER,12,188,188,124,247,273,294,275,281,242,175,1911,0,27.5,42.6,25.9,9.3,17.7,10.0,0.0,114.89,22.72,21.93,4.7,15.93,14.89,1.03,18.43,19.42,0.83
Todestrieb,SP,ANOTHER,12,185,185,21,273,224,244,259,254,253,205,1733,0,31.2,26.1,43.6,4.6,9.9,1.3,41.0,124.54,23.12,22.35,0.77,13.77,13.6,0.17,31.05,30.48,0.1
WONDER WALKER,SP,ANOTHER,12,165,165,84,304,245,273,251,247,265,252,1921,0,34.1,20.9,56.1,17.0,3.9,5.8,0.0,119.27,24.75,20.62,5.5,15.91,15.22,0.7,21.99,19.61,1.05
YAKSHA,SP,ANOTHER,12,190,190,71,296,276,281,271,270,260,275,2000,0,50.3,8.8,54.9,18.9,3.4,4.8,0.0,123.78,25.33,23.75,3.96,15.99,15.43,0.57,35.51,33.91,0.55
子供の落書き帳,SP,ANOTHER,12,280,280,70,285,120,192,210,178,180,160,1395,0,24.3,23.6,55.0,42.0,1.6,5.0,0.0,87.64,40.83,39.67,4.67,24.29,23.07,1.22,98.37,89.74,2.12
恋する☆宇宙戦争っ!!,SP,ANOTHER,12,200,200,105,333,178,267,260,283,225,184,1835,0,35.9,13.3,53.9,8.6,2.8,8.0,0.0,121.2,26.67,26.67,5.0,14.85,14.0,0.85,18.28,18.16,1.01
聖人の塔,SP,ANOTHER,12,97,194,25,289,200,240,202,240,174,197,1567,4,29.3,16.9,58.7,15.8,13.9,1.6,0.0,114.12,25.06,25.06,1.62,14.52,14.29,0.23,24.14,23.61,0.16
天空の夜明け,SP,ANOTHER,12,150,150,29,261,257,294,300,306,312,313,2072,0,30.3,1.3,95.4,72.9,12.3,1.6,0.0,108.8,29.38,28.12,2.5,16.82,16.58,0.24,59.97,58.36,0.18
Confiserie,SP,ANOTHER,12,185,185,121,291,216,245,237,270,228,225,1833,0,26.6,22.2,58.4,34.8,6.6,9.9,0.0,104.27,34.69,30.06,4.62,17.23,16.09,1.14,40.01,33.31,2.42
DAY DREAM,SP,ANOTHER,12,80,300,41,161,141,144,147,165,144,132,1075,4,16.5,10.8,45.3,24.3,43.8,3.6,0.0,83.79,47.46,43.92,3.54,15.6,15.04,0.56,90.05,83.54,0.42
Devilz Staircase,SP,ANOTHER,12,185,185,75,228,236,239,255,252,200,200,1685,0,28.7,22.1,58.3,31.1,19.4,6.8,22.6,107.65,44.71,35.46,9.25,15.1,14.43,0.67,61.94,51.68,2.49
Elemental Creation,SP,ANOTHER,12,212,212,98,341,310,289,292,307,266,227,2130,0,18.2,43.4,45.6,13.3,8.5,9.2,0.0,122.83,30.92,28.27,6.18,17.26,16.47,0.79,53.15,53.1,2.25
GAIA,SP,ANOTHER,12,180,180,69,253,203,242,210,242,229,228,1676,0,38.5,10.2,58.2,15.5,5.0,5.0,0.0,118.33,24.0,24.0,3.0,13.97,13.39,0.57,27.68,30.36,0.56
Hollywood Galaxy,SP,ANOTHER,12,186,186,33,224,159,241,212,219,160,144,1392,0,22.9,14.6,45.7,15.6,7.1,2.9,31.1,104.51,25.58,24.02,3.88,13.16,12.84,0.31,33.84,32.08,0.47
JOMANDA,SP,ANOTHER,12,90,300,118,268,228,268,280,304,251,201,1918,21,31.3,23.7,44.8,17.0,7.5,9.7,0.0,120.6,27.0,25.19,4.88,15.59,14.62,0.97,32.14,28.76,1.37
Liberation,SP,ANOTHER,12,150,150,24,309,231,231,217,258,258,377,1905,0,38.5,4.9,72.3,42.4,43.1,1.4,0.0,126.2,25.0,25.0,1.88,15.07,14.88,0.19,9.95,9.92,0.12
Little Star,SP,ANOTHER,12,183,183,118,306,162,214,237,248,181,169,1635,0,28.9,4.9,66.5,16.1,3.3,10.2,0.0,114.91,21.35,21.35,4.57,14.01,13.0,1.01,15.27,15.6,1.66
neu,SP,ANOTHER,12,199,199,77,265,260,291,276,302,292,236,1999,0,23.7,35.0,40.9,9.5,9.1,5.4,0.0,138.69,27.36,25.7,3.32,13.26,12.75,0.51,26.69,23.62,0.72
Plan 8,SP,ANOTHER,12,212,212,392,250,145,189,192,194,153,175,1690,0,6.8,43.5,8.5,7.4,11.9,81.5,0.0,120.0,30.92,21.2,14.13,13.82,10.62,3.21,50.74,39.66,16.66
Proof of the existence,SP,ANOTHER,12,170,170,55,249,236,233,263,237,229,173,1675,0,35.8,7.2,65.6,21.2,7.3,4.0,0.0,122.82,24.79,24.79,3.54,13.48,13.04,0.44,47.35,46.21,0.52
Sol Cosine Job 2,SP,ANOTHER,12,190,200,153,295,152,215,201,226,181,202,1625,2,32.9,13.0,41.1,12.6,9.2,13.7,7.1,118.61,22.5,20.83,5.0,13.52,12.24,1.28,36.52,34.0,0.88
STULTI,SP,ANOTHER,12,90,182,101,161,198,207,171,223,181,174,1416,2,22.5,29.2,50.9,63.3,7.9,9.0,0.0,104.32,21.23,18.96,3.38,13.82,12.89,0.93,30.72,28.93,0.88
SYNC-ANTHEM,SP,ANOTHER,12,160,166,58,306,242,247,273,275,249,215,1865,1,27.2,28.2,55.8,30.3,4.6,4.0,0.0,120.63,23.52,23.52,3.33,15.12,14.65,0.47,22.26,21.24,0.5
Thor's Hammer,SP,ANOTHER,12,150,150,106,223,205,219,218,247,224,199,1641,0,17.5,16.8,61.8,61.4,45.2,7.9,0.0,97.6,25.0,22.5,2.5,12.82,11.99,0.83,22.59,21.62,0.72
Timepiece phase II,SP,ANOTHER,12,287,287,77,248,199,238,228,233,208,234,1665,0,25.2,9.0,78.1,61.5,10.9,5.4,0.0,99.3,77.73,74.14,4.78,17.16,16.37,0.79,74.32,68.4,0.77
Timepiece phase II (CN Ver.),SP,ANOTHER,12,287,287,41,219,213,247,225,213,213,175,1546,0,25.9,9.6,61.5,52.4,26.5,3.3,60.1,103.78,75.34,74.14,4.78,15.67,15.25,0.42,72.98,70.33,0.62
True Blue,SP,ANOTHER,12,164,164,23,261,272,294,304,300,241,203,1898,0,36.5,8.2,71.1,19.1,2.6,1.3,0.0,127.31,23.23,21.18,2.05,14.74,14.56,0.18,26.48,25.91,0.13
Valanga,SP,ANOTHER,12,186,186,71,279,218,221,237,229,203,189,1647,0,13.7,49.5,31.9,12.8,4.5,7.2,25.1,105.64,23.25,22.48,5.42,15.57,14.9,0.67,14.74,13.15,1.17
Zirkfied,SP,ANOTHER,12,210,210,69,317,302,240,285,264,249,242,1968,0,30.9,16.3,60.2,32.5,19.9,4.9,0.0,123.14,35.88,35.0,5.25,15.94,15.39,0.56,51.9,47.6,0.72
アストライアの双皿,SP,ANOTHER,12,173,173,61,265,193,213,228,234,226,212,1632,0,25.3,11.2,45.1,14.1,38.8,4.7,26.7,120.69,23.07,23.07,4.32,13.07,12.58,0.49,25.07,22.5,0.71
龍と少女とデコヒーレンス†,SP,ANOTHER,12,165,165,61,243,207,254,233,257,240,218,1713,0,33.6,2.6,80.9,38.4,2.0,4.3,29.0,119.27,24.06,24.06,6.19,14.19,13.68,0.51,42.75,40.46,0.72
ΕΛΠΙΣ,SP,ANOTHER,12,175,175,35,206,229,241,221,234,235,199,1600,0,37.4,3.3,73.7,6.9,1.5,2.5,0.0,111.25,20.42,20.42,2.92,14.06,13.75,0.31,27.59,27.04,0.3
狂イ咲ケ焔ノ華,SP,ANOTHER,12,206,206,84,296,225,277,248,246,262,222,1860,0,33.3,21.1,32.9,14.5,16.4,7.2,0.0,128.0,27.47,27.47,4.29,14.51,13.86,0.66,12.62,14.42,1.05
キャトられ♥恋はモ～モク,SP,ANOTHER,12,196,196,157,377,175,245,277,289,237,231,1988,0,28.2,25.5,48.7,19.0,9.1,13.0,0.0,127.34,28.58,27.77,6.53,15.32,14.11,1.21,35.56,28.98,2.42
†渚の小悪魔ラヴリィ～レイディオ†(IIDX EDIT),SP,ANOTHER,12,190,190,143,370,190,283,182,217,253,197,1835,0,23.1,45.0,42.8,20.9,7.3,12.7,0.0,105.31,27.71,22.96,6.33,17.29,15.95,1.35,20.23,15.07,2.13
音楽,SP,ANOTHER,12,210,360,12,235,195,158,201,241,232,213,1487,21,11.8,34.2,35.2,33.2,45.0,0.8,0.0,130.55,29.17,29.17,2.25,10.77,10.68,0.09,48.24,46.9,0.14
シュレーディンガーの猫,SP,ANOTHER,12,187,187,46,133,224,224,238,265,299,288,1717,0,22.3,40.1,51.8,35.7,3.7,2.9,0.0,107.48,24.93,24.93,3.9,14.86,14.47,0.4,22.13,22.36,0.66
即席！脳直★ミュージックシステム,SP,ANOTHER,12,197,197,154,284,192,242,266,251,218,231,1838,0,25.0,25.3,49.5,8.8,1.3,12.7,0.0,116.11,24.62,22.98,4.1,14.79,13.55,1.24,12.21,10.48,1.6
たまゆら,SP,ANOTHER,12,180,180,80,195,198,196,217,162,199,160,1407,0,18.8,46.4,35.7,18.7,3.9,7.0,0.0,107.06,26.25,24.0,4.5,13.03,12.29,0.74,60.5,55.02,1.34
仮想空間の旅人たち†,SP,ANOTHER,12,151,151,28,306,237,283,265,292,243,289,1943,0,35.5,24.7,65.9,35.7,6.3,1.8,0.0,118.01,28.31,27.68,2.52,15.47,15.25,0.22,35.32,34.97,0.18
トリカゴノ鳳凰,SP,ANOTHER,12,185,185,81,257,281,265,295,268,258,227,1932,0,40.5,11.4,47.2,12.8,8.1,4.8,10.4,129.56,23.9,20.81,3.08,14.89,14.27,0.62,19.0,16.52,0.61
Adularia,SP,ANOTHER,12,180,180,23,281,173,213,247,197,185,130,1449,0,26.5,12.8,53.4,8.8,6.7,1.4,34.8,108.83,18.75,18.75,1.5,13.09,12.89,0.21,12.68,13.08,0.16
Ancient Scapes,SP,ANOTHER,12,178,178,86,321,186,241,229,245,224,248,1780,0,28.0,17.9,61.0,15.6,7.3,7.2,0.0,120.0,22.99,21.51,6.68,14.51,13.81,0.7,23.09,25.62,1.65
Ancient Scapes†LEGGENDARIA,SP,ANOTHER,12,178,178,110,342,249,300,288,335,283,291,2198,0,36.5,9.6,70.4,29.3,10.9,8.4,0.0,120.0,27.44,25.96,6.68,17.91,17.02,0.9,29.95,33.07,2.15
BLUE DRAGON(雷龍RemixIIDX),SP,ANOTHER,12,188,188,166,233,203,213,256,194,229,233,1727,0,6.6,75.5,17.7,24.9,11.0,19.3,26.1,112.02,26.63,26.63,8.62,15.03,13.59,1.44,48.73,46.71,6.62
Close the World feat.a☆ru,SP,ANOTHER,12,188,188,91,296,174,241,268,237,199,233,1739,0,24.7,29.4,51.6,28.9,9.6,7.7,0.0,114.73,25.85,24.28,4.7,15.14,14.34,0.79,38.15,39.42,1.0
Close the World feat.a☆ru†LEGGENDARIA,SP,ANOTHER,12,188,188,126,306,220,259,294,270,253,255,1983,0,28.0,27.2,60.1,37.4,4.1,11.4,0.0,114.73,27.42,26.63,5.48,17.26,16.16,1.1,46.09,48.07,2.02
DARK LEGACY,SP,ANOTHER,12,196,196,66,273,229,243,239,279,242,257,1828,0,20.0,64.4,30.3,9.0,3.6,6.2,0.0,120.76,26.95,24.5,4.9,14.78,14.25,0.53,36.08,35.01,1.05
Feel The Beat,SP,ANOTHER,12,175,175,184,249,222,256,274,244,225,176,1830,0,39.3,12.8,55.4,3.5,0.3,16.1,0.0,120.51,22.6,19.69,5.1,15.16,13.64,1.52,13.09,10.82,2.5
Feel The Beat†LEGGENDARIA,SP,ANOTHER,12,175,175,184,285,250,329,337,334,278,228,2225,0,35.1,13.2,70.2,33.6,1.6,13.7,0.0,120.51,34.27,32.81,5.1,18.44,16.91,1.52,42.01,43.96,2.37
Idola,SP,ANOTHER,12,201,201,72,245,265,253,266,271,233,221,1826,0,20.2,35.2,43.8,18.9,7.0,5.0,0.0,123.28,22.61,22.61,3.35,14.56,13.99,0.57,27.32,26.23,0.6
Immortal,SP,ANOTHER,12,208,208,152,258,161,226,194,236,165,215,1607,0,12.2,44.4,25.0,9.9,7.1,14.7,0.0,110.19,26.87,23.4,4.33,14.21,12.87,1.34,33.7,29.03,2.19
INSOMNIA,SP,ANOTHER,12,195,195,189,239,134,228,245,266,188,172,1661,0,12.6,41.5,35.9,13.9,13.3,45.6,0.0,115.38,26.81,24.38,13.0,14.06,12.46,1.6,30.24,33.38,5.75
invoker,SP,ANOTHER,12,195,195,150,276,165,228,226,190,176,213,1624,0,19.9,20.5,34.0,2.5,8.2,14.3,0.0,123.23,20.31,19.5,6.5,13.06,11.86,1.21,21.16,18.32,1.95
invoker†LEGGENDARIA,SP,ANOTHER,12,195,195,231,279,181,248,249,235,209,219,1851,0,21.9,20.3,40.7,3.3,5.7,28.9,0.0,123.23,26.0,23.56,12.19,14.89,13.03,1.86,28.2,24.41,5.39
KAISER PHOENIX,SP,ANOTHER,12,170,170,80,259,176,239,254,255,153,277,1693,0,16.0,27.6,58.6,46.3,16.4,5.1,0.0,98.82,29.75,29.75,2.83,16.89,16.09,0.8,21.53,23.15,0.59
Last Dance,SP,ANOTHER,12,150,150,65,235,228,234,201,243,233,211,1650,0,35.7,1.3,76.1,56.1,8.5,5.4,6.1,113.1,25.62,25.62,1.25,14.32,13.76,0.56,41.12,41.33,0.27
PUNISHER,SP,ANOTHER,12,180,180,128,285,215,234,247,272,220,211,1812,0,23.5,35.0,52.0,15.3,2.0,9.2,0.0,113.33,22.5,21.0,4.5,15.8,14.69,1.12,11.67,12.78,1.57
ra'am,SP,ANOTHER,12,111,222,104,213,171,205,179,200,187,202,1461,5,16.6,63.0,18.2,14.7,13.4,13.2,17.5,98.1,29.6,29.6,6.48,14.91,13.84,1.08,47.53,46.08,3.72
Sigmund,SP,ANOTHER,12,200,200,111,365,245,245,293,289,277,204,2029,0,33.0,8.1,71.3,38.6,4.7,31.5,13.9,117.6,30.83,30.0,10.0,16.91,15.98,0.92,35.02,31.53,4.42
Sigmund†LEGGENDARIA,SP,ANOTHER,12,200,200,132,374,279,283,327,328,306,238,2267,0,29.3,12.3,75.7,44.7,5.4,33.0,21.9,117.6,33.33,30.0,10.0,18.89,17.79,1.1,37.94,33.94,5.79
Verflucht,SP,ANOTHER,12,180,180,27,332,180,292,234,269,217,254,1805,0,31.0,3.7,85.1,56.3,5.1,1.9,0.0,109.33,24.75,24.0,3.0,16.12,15.88,0.24,48.48,50.04,0.31
Verflucht†LEGGENDARIA,SP,ANOTHER,12,180,180,83,315,314,356,341,348,327,317,2401,0,34.6,8.2,88.7,53.6,1.3,12.5,1.8,109.33,36.0,36.0,11.25,21.44,20.7,0.74,53.0,58.16,4.83
VOX UP,SP,ANOTHER,12,202,202,254,436,124,222,244,208,219,163,1870,0,5.4,40.5,25.9,37.2,23.5,23.7,0.0,121.18,29.46,26.93,7.58,14.99,12.95,2.04,38.24,31.37,4.1
煉獄のエルフェリア,SP,ANOTHER,12,183,183,94,254,222,299,293,318,274,246,2000,0,28.2,11.4,81.5,48.1,16.1,5.5,0.0,116.06,32.02,28.98,3.81,16.76,15.97,0.79,47.39,43.88,0.77
疾風迅雷,SP,ANOTHER,12,180,180,39,252,172,226,228,221,188,167,1493,0,23.8,15.7,55.2,24.6,12.2,2.8,0.0,108.83,21.0,21.0,2.25,13.17,12.83,0.34,20.89,20.48,0.26
疾風迅雷†LEGGENDARIA,SP,ANOTHER,12,180,180,231,234,196,258,275,261,214,155,1824,0,24.2,17.5,54.1,35.4,11.1,27.9,14.3,111.31,36.75,36.0,9.0,16.09,14.06,2.04,46.49,47.6,5.53
IX,SP,ANOTHER,12,198,198,134,301,230,288,241,286,278,249,2007,0,29.1,20.9,53.2,24.8,5.9,14.2,10.1,118.63,30.52,29.7,9.07,16.73,15.61,1.12,34.71,31.07,3.0
旋律のドグマ～Misérables～,SP,ANOTHER,12,192,192,67,280,253,312,268,295,291,236,2002,0,33.5,24.1,51.7,20.0,2.7,4.4,1.0,132.5,24.0,22.4,4.8,14.97,14.47,0.5,25.08,25.06,0.75
轟け！恋のビーンボール！！,SP,ANOTHER,12,180,180,125,326,166,261,248,250,234,224,1834,0,20.2,27.2,55.0,19.4,26.5,10.9,0.0,106.83,27.0,25.5,6.75,16.98,15.82,1.16,15.63,14.35,2.31
廿†,SP,ANOTHER,12,120,160,255,270,175,240,199,243,170,179,1731,1,26.6,25.7,39.3,37.6,11.0,56.7,0.0,119.0,24.67,24.0,10.67,14.53,12.39,2.14,29.6,29.97,8.59
海神,SP,ANOTHER,12,159,159,120,273,176,231,234,249,180,166,1629,0,24.9,19.2,49.0,21.2,5.8,12.7,25.2,120.12,21.2,21.2,5.3,13.32,12.34,0.98,25.23,20.78,2.22
Beat Radiance†,SP,ANOTHER,12,192,192,97,318,194,253,246,265,225,211,1809,0,4.5,94.5,8.5,3.7,3.3,8.3,0.0,105.31,25.6,23.2,4.8,16.83,15.93,0.9,22.19,20.55,1.59
BLUE MIRAGE,SP,ANOTHER,12,170,170,256,228,127,212,167,230,150,236,1606,0,22.3,16.3,44.6,5.8,6.5,31.0,0.0,111.52,23.38,21.96,8.5,14.04,11.81,2.24,31.69,22.44,7.31
Broken Sword,SP,ANOTHER,12,160,160,34,264,269,284,288,271,247,230,1887,0,31.4,21.1,71.4,35.9,2.2,2.2,0.0,114.0,26.67,26.67,2.67,15.16,14.88,0.27,28.23,28.08,0.39
CHRONO DIVER -NORNIR-†,SP,ANOTHER,12,185,185,78,328,302,309,318,329,266,303,2233,0,20.2,46.8,51.1,44.7,13.9,4.7,2.7,115.78,26.21,25.44,5.4,18.71,18.06,0.65,24.02,26.77,1.19
Chrono Diver -PENDULUMs-,SP,ANOTHER,12,196,196,48,258,326,328,342,358,304,258,2222,0,28.1,28.3,63.9,39.4,9.2,2.7,0.0,118.77,31.03,31.03,2.45,18.52,18.12,0.4,50.96,51.08,0.33
cinder,SP,ANOTHER,12,216,216,61,237,192,236,237,219,219,200,1601,0,13.7,41.2,36.7,23.5,3.7,4.3,33.3,120.64,24.3,24.3,3.6,13.85,13.33,0.53,35.22,34.1,0.43
Cosmic Cat†,SP,ANOTHER,12,160,160,84,225,208,255,229,237,205,208,1651,0,24.5,38.1,46.7,19.9,4.2,6.7,8.5,120.0,22.67,22.67,2.67,13.59,12.9,0.69,36.92,33.96,0.93
Despair of ELFERIA,SP,ANOTHER,12,205,205,69,308,272,283,306,306,303,249,2096,0,11.4,69.7,22.0,6.6,11.7,4.5,0.0,119.7,39.29,37.58,3.42,25.58,24.73,0.84,42.38,38.67,0.69
EBONY & IVORY,SP,ANOTHER,12,170,170,109,254,211,191,206,219,163,167,1520,0,23.9,30.1,48.6,22.2,4.7,7.7,0.0,97.76,25.5,25.5,3.54,15.38,14.28,1.1,38.06,37.75,1.1
EBONY & IVORY†,SP,ANOTHER,12,113,170,52,278,185,287,319,311,254,201,1887,2,23.6,24.1,70.3,59.1,24.0,3.2,9.1,97.8,29.04,29.04,4.25,18.75,18.22,0.52,26.72,27.07,0.58
entelecheia,SP,ANOTHER,12,185,185,9,267,197,232,251,268,235,198,1657,0,28.4,32.3,43.0,9.5,8.2,0.6,23.4,100.54,24.67,24.67,0.77,16.38,16.29,0.09,18.4,18.42,0.06
fallen leaves -IIDX edition-,SP,ANOTHER,12,165,165,59,267,207,227,252,277,234,222,1745,0,37.0,14.3,57.8,15.0,5.2,4.4,22.0,107.09,26.81,24.75,6.19,16.0,15.46,0.54,22.77,22.95,0.91
FANTASTIC THREE,SP,ANOTHER,12,185,185,198,212,203,206,253,223,189,165,1649,0,25.4,26.8,29.6,15.6,7.5,28.6,0.0,117.4,21.58,21.58,10.79,13.82,12.16,1.66,14.15,25.64,8.15
Flashes,SP,ANOTHER,12,180,180,127,177,222,246,245,255,214,205,1691,0,33.0,8.2,59.0,7.6,0.5,12.8,24.2,111.97,24.75,24.75,8.25,15.1,13.96,1.13,16.51,18.74,3.84
Gravigazer,SP,ANOTHER,12,160,160,124,195,180,224,209,246,187,168,1533,0,48.9,4.5,46.8,16.0,5.1,9.4,7.7,108.37,22.67,21.33,6.0,13.81,12.69,1.12,26.9,28.46,2.07
IMPLANTATION,SP,ANOTHER,12,145,145,19,197,150,121,205,207,132,132,1163,0,25.0,4.6,44.4,27.1,69.3,1.8,0.0,89.27,20.54,20.54,1.81,12.78,12.57,0.21,20.04,19.92,0.14
Invitation from Mr.C,SP,ANOTHER,12,230,230,179,249,169,151,149,235,112,161,1405,0,7.8,41.8,12.6,0.6,6.1,19.0,19.9,107.21,21.08,20.12,5.75,13.07,11.41,1.67,37.06,35.68,2.9
Ludus In Tenebris,SP,ANOTHER,12,126,126,80,254,234,249,246,294,257,195,1809,0,24.0,10.3,69.3,57.8,56.4,6.3,0.0,113.33,24.15,23.62,3.15,15.57,14.88,0.69,14.37,13.8,0.59
Monopole.,SP,ANOTHER,12,201,201,79,253,195,239,252,249,215,247,1729,0,18.8,38.9,35.8,23.9,17.7,6.0,19.1,114.47,27.64,25.12,3.35,15.08,14.39,0.69,22.7,20.06,0.62
NEO GENERATOR SEVEN,SP,ANOTHER,12,182,182,136,264,170,278,166,255,178,243,1690,0,21.7,33.6,39.6,21.6,3.8,11.4,0.0,117.36,26.54,24.27,5.31,14.24,13.09,1.15,43.48,40.34,1.97
Rave*it!! Rave*it!!,SP,ANOTHER,12,282,282,167,203,196,228,228,226,198,210,1656,0,4.8,166.5,7.6,7.8,8.5,16.7,19.5,102.65,35.25,32.9,5.88,15.82,14.22,1.6,80.29,85.53,2.65
Reflux,SP,ANOTHER,12,150,150,176,178,204,226,223,242,184,141,1574,0,20.5,29.7,34.7,19.5,15.6,32.5,28.6,115.2,21.88,21.25,10.0,13.48,11.97,1.51,17.07,19.97,4.01
Say YEEEAHH,SP,ANOTHER,12,135,135,63,230,195,245,260,256,204,224,1677,0,21.3,45.5,38.2,34.5,29.1,4.0,0.0,117.33,24.75,22.5,2.25,14.08,13.55,0.53,37.14,36.9,0.56
Shooting Fireball,SP,ANOTHER,12,160,160,27,311,280,304,274,282,273,232,1983,0,36.9,5.2,78.0,35.1,8.7,1.6,0.0,122.06,26.0,26.0,1.33,15.93,15.71,0.22,28.42,27.96,0.12
Sounds Of Summer,SP,ANOTHER,12,175,175,50,302,170,192,191,223,171,214,1513,0,14.9,49.3,36.1,38.3,3.9,3.6,4.4,111.08,24.06,24.06,2.92,13.29,12.85,0.44,24.34,26.1,0.61
SpaceLand☆TOYBOX,SP,ANOTHER,12,172,172,51,226,190,205,234,227,204,164,1501,0,26.7,20.2,51.8,16.8,10.2,3.4,0.0,99.59,30.1,28.67,2.15,15.15,14.64,0.51,13.81,13.28,0.33
Symmetry,SP,ANOTHER,12,163,163,56,235,236,238,248,223,222,201,1659,0,29.8,12.0,61.9,6.5,3.0,4.0,0.0,114.84,21.05,21.05,2.72,14.26,13.78,0.48,21.74,20.31,0.33
The Least 100sec,SP,ANOTHER,12,200,264,108,237,170,197,190,233,180,190,1505,13,27.9,14.6,60.3,54.3,5.6,9.3,0.0,96.03,23.1,22.0,4.4,15.47,14.37,1.1,15.8,16.96,1.3
TIEFSEE,SP,ANOTHER,12,165,165,41,272,191,278,298,263,214,195,1752,0,41.2,2.4,72.2,29.0,3.5,2.5,0.0,119.27,22.69,22.0,1.38,14.17,13.84,0.33,23.85,23.19,0.2
TOXIC VIBRATION,SP,ANOTHER,12,197,197,75,330,199,291,252,284,237,265,1933,0,26.3,22.7,51.0,39.5,6.8,4.8,0.0,123.12,25.45,24.62,3.28,15.56,14.95,0.6,20.82,20.77,0.43
We're so Happy (P*Light Remix) IIDX ver.,SP,ANOTHER,12,185,185,169,306,220,240,254,240,232,235,1896,0,26.7,40.2,30.1,10.4,4.5,15.2,0.0,117.4,27.75,24.67,7.71,15.89,14.47,1.42,31.86,32.74,3.31
ZZ,SP,ANOTHER,12,154,154,26,236,188,209,275,229,204,174,1541,0,33.2,6.6,67.8,37.7,2.9,1.7,11.6,103.44,21.82,21.18,1.93,14.76,14.51,0.25,21.26,20.71,0.22
紅牡丹,SP,ANOTHER,12,181,181,135,209,155,200,190,188,174,194,1445,0,21.9,32.2,34.5,4.7,1.8,10.6,0.0,101.76,21.87,21.12,3.02,14.15,12.83,1.32,15.37,15.39,1.47
表裏一体!?怪盗いいんちょの悩み♥,SP,ANOTHER,12,165,165,111,224,242,263,241,287,213,234,1815,0,23.8,21.5,60.2,40.8,11.3,8.9,0.0,120.72,21.31,21.31,4.81,14.68,13.78,0.9,10.14,9.41,1.25
共鳴遊戯の華,SP,ANOTHER,12,190,190,60,242,263,302,321,324,263,225,2000,0,29.4,9.7,72.2,18.8,4.2,4.4,19.2,117.47,29.29,29.29,3.17,16.84,16.34,0.51,28.71,28.01,0.63
リリーゼと炎龍レーヴァテイン,SP,ANOTHER,12,200,200,73,249,232,249,248,249,230,241,1771,0,21.4,44.7,37.4,8.2,5.2,4.9,20.7,105.45,24.17,23.33,3.33,16.4,15.72,0.68,9.02,8.1,0.75
夏色DIARY - L.E.D.-G STYLE MIX -,SP,ANOTHER,12,190,190,92,302,123,239,219,202,191,222,1590,0,29.1,13.3,50.9,14.6,4.3,8.5,18.4,106.1,26.92,22.96,4.75,14.81,13.95,0.86,21.98,19.91,1.47
千年ノ理,SP,ANOTHER,12,153,153,28,261,186,269,234,214,167,249,1608,0,19.0,44.9,44.4,6.2,5.1,2.0,0.0,114.98,22.31,21.04,3.19,13.49,13.25,0.23,18.75,18.08,0.28
少年は空を辿る,SP,ANOTHER,12,140,140,78,218,231,259,245,254,239,205,1729,0,20.4,16.5,59.9,40.8,42.4,6.6,24.5,116.78,23.92,23.92,2.92,14.41,13.76,0.65,32.59,32.31,0.54
それは花火のような恋,SP,ANOTHER,12,182,182,146,316,184,269,275,286,219,281,1976,0,26.6,22.1,59.8,15.2,2.7,11.4,0.0,121.64,24.27,24.27,4.55,16.11,14.92,1.19,8.65,8.99,2.01
超青少年ノ為ノ超多幸ナ超古典的超舞曲†,SP,ANOTHER,12,150,150,19,277,296,339,303,334,279,263,2110,0,28.6,16.6,82.0,78.6,41.5,1.3,0.0,118.0,30.62,30.62,2.5,17.82,17.66,0.16,31.16,31.4,0.21
AO-1,SP,ANOTHER,12,195,195,170,231,170,171,187,177,167,170,1443,0,17.8,39.9,15.6,3.8,3.4,24.6,17.9,100.76,24.38,20.31,9.75,14.3,12.61,1.68,24.19,17.33,6.42
Blue Spring Express,SP,ANOTHER,12,172,172,116,285,217,184,240,255,212,219,1728,0,29.2,16.5,55.4,26.2,7.9,12.5,0.0,107.79,30.82,27.23,5.73,15.88,14.81,1.07,29.24,26.54,2.17
CODE:1 [revision1.0.1],SP,ANOTHER,12,145,145,74,253,163,250,199,266,193,192,1590,0,24.1,4.5,77.7,55.7,3.7,5.7,0.0,112.55,22.96,21.75,3.62,13.92,13.27,0.65,38.01,36.86,0.69
Devil's Gear,SP,ANOTHER,12,180,180,181,326,173,199,234,244,198,238,1793,0,28.5,15.2,50.8,37.4,8.8,14.9,0.0,122.66,28.5,27.75,6.0,14.46,13.0,1.46,46.23,39.89,1.89
DIAMOND CROSSING,SP,ANOTHER,12,180,180,66,249,170,245,252,258,184,161,1585,0,19.7,34.3,40.2,11.7,5.2,5.4,74.9,99.94,24.0,24.0,4.5,15.44,14.8,0.64,17.93,14.59,1.3
Dynamite,SP,ANOTHER,12,100,100,365,265,197,234,207,251,198,236,1953,0,22.0,4.0,52.3,46.6,68.8,45.2,20.7,120.67,22.5,20.42,5.42,15.88,12.97,2.91,11.76,13.44,3.59
Godspeed,SP,ANOTHER,12,165,165,49,292,214,231,207,261,187,190,1631,0,21.5,25.2,48.2,21.8,17.9,3.5,20.7,106.0,22.69,22.0,2.75,15.36,14.9,0.46,20.89,19.43,0.37
Grand Chariot,SP,ANOTHER,12,191,191,126,330,216,241,234,259,203,166,1775,0,34.0,24.9,46.7,14.6,2.0,10.6,19.7,120.92,27.85,23.08,4.77,14.56,13.53,1.03,37.13,30.36,1.68
Highcharge Divolt,SP,ANOTHER,12,200,200,70,216,155,227,199,213,169,172,1421,0,20.1,29.8,26.2,17.0,6.7,6.5,20.4,106.5,22.5,22.5,5.0,13.31,12.65,0.66,22.54,21.27,1.19
Konzert V,SP,ANOTHER,12,160,160,62,263,221,211,269,219,236,229,1710,0,20.6,20.7,60.1,53.2,7.6,4.4,0.0,118.68,36.0,36.0,2.67,14.07,13.56,0.51,30.86,31.21,0.46
M4K3 1T B0UNC3,SP,ANOTHER,12,150,150,116,237,161,204,233,215,174,206,1546,0,27.1,20.4,42.4,25.9,9.2,10.7,8.0,114.8,22.5,20.0,3.75,13.42,12.41,1.01,21.41,19.62,1.0
Nightmare before oversleep,SP,ANOTHER,12,190,190,52,205,200,211,239,208,213,172,1500,0,16.3,32.3,39.8,4.8,4.4,4.1,0.0,115.89,26.92,26.12,3.17,11.99,11.58,0.42,33.78,33.17,0.52
NINJA IS DEAD IIDX ver.,SP,ANOTHER,12,111,222,64,293,174,221,201,229,163,175,1520,2,9.5,52.5,20.3,4.9,6.5,4.7,0.0,112.43,25.9,25.9,3.7,13.57,13.0,0.58,31.11,33.19,0.63
NZM,SP,ANOTHER,12,190,190,79,262,228,265,234,256,218,241,1783,0,24.5,24.7,45.8,23.6,6.5,7.0,61.2,115.42,26.92,26.12,3.96,15.18,14.51,0.67,33.91,31.53,1.03
POSSESSION,SP,ANOTHER,12,23,185,31,312,208,198,199,196,190,187,1521,7,17.3,66.2,30.3,19.6,6.1,2.6,3.1,103.92,20.81,20.81,1.94,14.67,14.44,0.24,18.63,19.14,0.2
refrain,SP,ANOTHER,12,158,158,21,256,230,281,291,277,266,235,1857,0,32.0,5.5,82.3,35.6,7.3,1.2,0.0,109.36,24.36,24.36,1.32,16.75,16.56,0.19,21.53,21.81,0.16
STARLIGHT DANCEHALL†,SP,ANOTHER,12,177,177,220,257,177,223,213,229,192,201,1712,0,19.8,35.6,37.3,8.0,3.1,28.7,0.0,109.83,26.55,23.6,11.8,15.21,13.26,1.95,32.98,29.04,5.51
StrayedCatz,SP,ANOTHER,12,303,303,55,265,182,214,202,243,187,142,1490,0,14.6,35.7,26.5,4.4,31.3,4.2,0.0,115.04,26.51,25.25,5.05,12.38,11.92,0.46,58.31,55.26,0.71
Triple Counter,SP,ANOTHER,12,216,216,93,375,215,273,276,270,254,260,2016,0,15.5,59.3,33.9,2.6,4.3,7.1,28.8,124.86,31.5,30.6,5.4,15.92,15.18,0.73,47.19,39.82,1.27
X,SP,ANOTHER,12,180,180,28,258,264,314,283,292,248,265,1952,0,30.0,14.1,72.3,35.4,5.9,1.7,0.0,117.16,28.5,28.5,3.0,16.64,16.4,0.24,32.02,30.04,0.25
199024club -Re:BounceKiller-,SP,ANOTHER,12,143,143,438,137,103,136,105,153,87,101,1260,0,13.3,9.2,21.4,8.2,3.3,121.9,0.0,120.73,17.88,14.3,10.72,10.43,6.8,3.62,16.26,10.47,12.32
紫陽花 -AZISAI-,SP,ANOTHER,12,155,155,117,253,157,214,188,227,165,169,1490,0,36.8,13.1,43.6,15.2,13.4,14.2,10.6,114.58,20.67,20.02,8.4,12.83,11.82,1.01,23.63,28.11,2.89
駅猫のワルツ,SP,ANOTHER,12,282,282,128,291,140,208,227,226,180,158,1558,0,20.5,7.9,64.0,33.4,29.4,10.7,0.0,102.76,30.55,29.38,4.7,11.16,10.25,0.92,16.63,13.98,0.98
めいさいアイドル☆あいむちゃん♪,SP,ANOTHER,12,160,160,74,287,237,241,255,216,198,209,1717,0,28.0,19.1,55.1,22.0,4.5,5.4,0.0,116.53,26.0,23.33,4.67,14.49,13.86,0.62,25.61,23.75,1.06
灼熱 Pt.2 Long Train Running,SP,ANOTHER,12,165,165,753,177,131,167,148,139,150,139,1804,0,11.7,26.5,5.8,6.4,12.4,108.0,2.5,119.09,22.0,14.44,11.0,15.12,8.81,6.31,9.57,4.89,5.72
真 地獄超特急 -HELL or HELL-,SP,ANOTHER,12,165,165,345,269,96,229,211,203,175,199,1727,0,13.3,34.7,26.0,12.1,5.2,57.3,35.2,120.0,23.38,22.0,9.62,14.13,11.31,2.82,28.39,22.07,12.39
Amazing Mirage†,SP,ANOTHER,12,153,153,173,244,196,233,232,237,200,169,1684,0,25.4,19.3,49.4,29.9,14.6,16.8,2.4,112.94,22.31,20.4,5.1,14.71,13.2,1.51,23.98,22.11,2.15
Apocalypse,SP,ANOTHER,12,165,165,69,254,242,270,281,260,255,183,1814,0,29.2,20.5,52.7,22.1,10.3,6.1,9.2,128.0,19.25,17.88,5.5,14.01,13.48,0.53,9.14,9.82,1.09
Caterpillar,SP,ANOTHER,12,170,170,279,205,156,192,211,175,127,216,1561,0,12.2,25.8,27.6,12.9,15.3,67.2,0.0,118.58,22.67,22.67,8.5,13.01,10.68,2.33,14.63,18.41,8.35
DORNWALD ～Junge～,SP,ANOTHER,12,169,169,69,278,234,273,294,310,243,202,1903,0,41.8,2.4,71.2,40.3,16.4,4.6,0.0,122.13,28.87,26.05,4.23,15.4,14.84,0.56,25.97,23.27,0.85
ECHIDNA,SP,ANOTHER,12,146,146,90,242,234,260,269,258,241,181,1775,0,30.6,3.9,68.6,55.9,15.2,7.3,63.5,113.42,26.77,24.94,4.87,15.21,14.44,0.77,38.69,34.38,0.98
FUZIN RIZIN,SP,ANOTHER,12,190,190,93,360,220,289,256,251,250,210,1929,0,20.2,34.6,49.9,15.7,10.3,7.0,0.0,120.47,24.54,22.96,3.17,16.07,15.3,0.78,14.86,15.43,0.71
Go Ahead!!,SP,ANOTHER,12,200,200,98,219,145,203,197,235,173,143,1413,0,15.9,19.5,43.1,41.5,4.9,9.4,15.9,117.6,31.67,30.83,3.33,11.89,11.07,0.82,75.21,72.65,1.1
GuNGNiR,SP,ANOTHER,12,222,222,150,352,176,276,332,309,281,205,2081,0,39.8,12.7,62.3,8.2,1.4,22.1,7.7,126.46,30.52,27.75,11.1,16.18,15.01,1.17,29.94,23.31,5.37
HADES,SP,ANOTHER,12,155,155,196,245,152,223,231,238,177,139,1601,0,26.1,16.5,41.7,26.5,15.3,19.8,0.0,119.22,25.19,21.31,8.4,13.09,11.49,1.6,30.2,31.75,3.47
Mare Nectaris,SP,ANOTHER,12,256,256,75,320,272,291,319,295,287,235,2094,0,20.1,5.6,80.5,73.1,46.1,6.9,1.2,120.93,35.2,35.2,6.4,17.18,16.57,0.62,57.62,58.76,1.36
OTENAMI Hurricane,SP,ANOTHER,12,215,215,190,251,191,193,208,226,204,180,1643,0,17.3,27.1,29.6,9.4,7.0,18.7,3.6,115.53,24.19,20.6,8.06,14.02,12.4,1.62,29.32,25.84,3.27
Quakes,SP,ANOTHER,12,190,190,132,223,219,218,229,237,194,202,1654,0,36.7,9.9,52.8,22.1,5.0,12.6,15.5,111.15,34.04,33.25,6.33,14.71,13.54,1.17,53.47,52.96,2.02
RAIN,SP,ANOTHER,12,159,159,27,247,229,248,213,245,238,210,1657,0,33.7,3.7,75.7,38.2,4.2,1.6,15.4,107.16,21.86,21.2,1.32,15.25,15.0,0.25,28.47,28.43,0.17
Rave Cannon,SP,ANOTHER,12,160,160,125,227,248,222,254,211,212,201,1700,0,27.6,18.7,42.3,25.2,7.5,10.8,18.1,121.5,22.0,22.0,9.33,13.82,12.8,1.02,20.79,20.32,2.27
SAY BAY,SP,ANOTHER,12,165,165,222,193,135,198,144,233,158,172,1455,0,16.2,16.4,42.0,34.0,9.3,27.7,18.7,113.45,22.69,20.62,9.62,12.35,10.47,1.88,34.88,32.97,5.34
Sky High,SP,ANOTHER,12,153,153,51,277,295,290,267,285,260,218,1943,0,37.5,5.1,81.2,43.7,4.5,2.8,0.0,106.66,26.14,26.14,1.91,16.3,15.87,0.43,47.15,46.08,0.22
Snakey Kung-fu,SP,ANOTHER,12,156,156,50,304,229,237,240,243,249,199,1751,0,30.4,21.7,44.7,18.2,7.7,3.8,24.5,123.26,23.4,22.1,2.6,13.88,13.48,0.4,18.49,17.32,0.44
Steel Edge,SP,ANOTHER,12,177,177,68,216,195,250,215,260,199,201,1604,0,18.2,49.1,17.3,10.5,7.6,6.3,27.1,119.32,19.91,19.91,5.9,13.29,12.73,0.56,10.47,10.07,1.48
Summerlights(IIDX Edition),SP,ANOTHER,12,175,175,96,264,201,208,219,236,183,173,1580,0,28.3,24.9,36.1,9.3,4.2,7.2,11.6,116.57,24.79,23.33,4.38,13.24,12.44,0.8,27.31,23.82,1.11
Super Rush,SP,ANOTHER,12,190,190,165,332,192,218,229,254,200,201,1791,0,11.4,62.7,12.9,9.1,11.7,14.7,6.7,121.26,25.33,25.33,6.33,14.62,13.27,1.35,26.43,26.53,2.27
TOGAKUSHI,SP,ANOTHER,12,152,152,36,218,141,236,174,214,177,147,1343,0,32.6,8.6,44.5,34.0,3.3,4.0,66.3,113.58,21.53,20.9,3.8,11.81,11.5,0.32,29.23,27.44,0.51
Venom,SP,ANOTHER,12,190,190,122,272,130,248,175,261,155,261,1624,0,15.6,41.6,18.6,17.6,10.5,11.8,0.0,121.26,24.54,20.58,3.96,13.25,12.26,1.0,18.4,16.45,0.97
刃図羅,SP,ANOTHER,12,165,165,80,275,254,228,235,267,210,197,1746,0,25.9,24.8,49.4,20.0,4.7,5.5,0.0,126.45,23.38,23.38,3.44,13.64,13.02,0.62,21.82,21.16,0.53
童話回廊,SP,ANOTHER,12,262,262,90,237,156,250,211,243,226,179,1592,0,26.8,9.1,74.4,31.6,6.1,6.7,0.0,106.48,34.93,32.75,3.27,20.94,19.76,1.18,38.02,33.76,0.82
焔極OVERKILL,SP,ANOTHER,12,192,192,215,330,185,257,217,249,211,237,1901,0,24.5,20.7,45.5,16.1,11.4,24.3,0.0,120.0,28.8,28.8,12.0,15.68,13.91,1.77,25.56,29.25,7.11
焱影,SP,ANOTHER,12,136,136,350,215,141,165,137,171,134,124,1437,0,22.3,10.0,37.6,14.7,10.6,64.7,0.0,111.83,18.7,15.87,10.2,12.34,9.33,3.01,11.19,15.1,8.22
イザナミノナゲキ,SP,ANOTHER,12,195,195,46,244,224,236,248,252,245,166,1661,0,16.9,40.8,33.2,2.8,6.2,3.0,10.3,116.15,39.0,39.0,3.25,24.99,24.3,0.69,50.64,47.86,0.83
九尾狐夜行,SP,ANOTHER,12,145,145,80,236,196,203,195,229,206,176,1521,0,18.3,39.7,35.8,24.2,30.1,5.6,0.0,109.24,24.77,23.56,2.42,14.14,13.39,0.74,33.23,30.29,0.4
#MAGiCVLGiRL_TRVP_B3VTZ,SP,ANOTHER,12,100,100,94,269,207,239,237,243,233,231,1753,0,20.9,2.7,70.9,74.2,47.2,9.1,8.7,115.4,24.58,24.58,3.33,14.84,14.11,0.73,14.04,13.66,0.58
〆,SP,ANOTHER,12,160,160,204,296,221,245,262,269,209,171,1877,0,25.8,37.3,39.1,12.4,4.8,24.3,1.3,118.78,26.0,24.67,8.0,15.45,13.77,1.68,18.64,18.41,3.39
津軽雪,SP,ANOTHER,12,160,160,63,297,241,305,236,301,263,247,1953,0,37.9,3.4,72.0,45.8,10.2,5.8,7.7,125.25,27.33,26.67,6.0,15.32,14.82,0.49,40.89,39.31,0.98
AA -rebuild-,SP,ANOTHER,12,174,174,24,239,247,277,261,266,255,251,1820,0,36.8,8.8,70.6,30.8,6.6,1.6,0.0,111.72,26.1,26.1,2.9,16.09,15.88,0.21,30.34,30.42,0.19
Arca,SP,ANOTHER,12,185,185,57,179,204,254,259,267,217,165,1602,0,27.6,20.0,62.3,15.7,12.1,3.6,0.0,123.56,20.81,19.27,1.54,12.86,12.41,0.46,24.95,23.12,0.28
DEADHEAT,SP,ANOTHER,12,200,200,185,266,176,219,230,231,179,235,1721,0,22.3,26.8,35.8,19.7,5.6,17.0,0.0,112.8,24.17,20.83,5.83,14.94,13.33,1.61,21.3,16.62,1.64
DEATH†ZIGOQ ～怒りの高速爆走野郎～,SP,ANOTHER,12,200,200,138,281,302,260,303,296,276,219,2075,0,26.0,35.4,51.3,36.2,8.6,10.9,3.7,111.45,28.33,26.67,5.83,18.59,17.36,1.24,30.07,32.89,2.92
Papilio ulysses,SP,ANOTHER,12,180,180,247,184,131,181,203,199,168,185,1498,0,31.8,6.1,48.5,9.8,0.2,47.8,19.7,116.66,21.0,21.0,10.5,12.77,10.66,2.11,26.68,33.56,11.34
Persephone,SP,ANOTHER,12,155,155,143,286,151,216,158,227,166,192,1539,0,23.1,12.4,57.8,25.5,8.1,13.6,0.0,118.45,22.6,20.02,6.46,12.74,11.56,1.18,21.95,22.83,2.33
The Chase,SP,ANOTHER,12,142,142,464,81,71,117,126,109,89,91,1148,0,10.0,14.2,5.9,6.8,9.7,103.6,8.7,114.92,21.3,11.83,11.83,9.84,5.87,3.98,16.15,11.49,10.52
VOX RUSH,SP,ANOTHER,12,202,202,205,314,215,229,175,246,202,150,1736,0,29.5,33.8,20.1,3.1,2.5,19.6,0.0,123.56,23.57,22.72,5.89,13.92,12.27,1.64,31.59,28.2,2.39
Xperanza,SP,ANOTHER,12,200,200,252,272,156,211,171,216,170,189,1637,0,10.7,32.3,22.0,12.2,9.3,37.0,4.5,120.45,26.67,21.67,13.33,13.37,11.32,2.06,31.4,26.11,5.74
神謳 -RESONANCE-,SP,ANOTHER,12,180,180,61,363,239,279,293,304,284,224,2047,0,28.4,31.2,60.6,25.4,5.0,4.1,0.0,126.83,25.5,24.0,3.75,15.99,15.52,0.48,23.6,22.66,0.65
